{"cameraMode":{"drawMode":0,"name":"Shaded","section":"Shading Mode"},"sceneLighting":true,"audioPlay":false,"sceneViewState":{"m_AlwaysRefresh":false,"showFog":true,"showSkybox":true,"showFlares":true,"showImageEffects":true,"showParticleSystems":true,"showVisualEffectGraphs":true,"m_FxEnabled":true},"in2DMode":false,"pivot":{"x":3.1018733978271486,"y":5.237838268280029,"z":-0.37005293369293215},"rotation":{"x":0.1014338880777359,"y":-0.631686270236969,"z":0.08387022465467453,"w":0.7639700174331665},"size":7.1632890701293949,"orthographic":true}